stage,fold,search_method,config_name,model_name,accuracy,precision,recall,f1_score,auc,elapsed_seconds,saved_model_path,test_accuracy,test_precision,test_recall,test_f1_score,test_auc,cv_accuracy_mean,cv_precision_mean,cv_recall_mean,cv_f1_score_mean,cv_auc_mean,search_scoring,search_best_score,search_best_params,cv_accuracy_std,cv_precision_std,cv_recall_std,cv_f1_score_std,cv_auc_std
no_cv,0,none,paper_params,LightGBM,0.8358358358358359,0.8502617801047121,0.8144433299899699,0.8319672131147541,0.9163875242109947,3.8073363304138184,outputs\models\no_cv\paper_params\LightGBM.joblib,0.8358358358358359,0.8502617801047121,0.8144433299899699,0.8319672131147541,0.9163875242109947,,,,,,,,,,,,,
no_cv,0,none,custom_params,LightGBM,0.8358358358358359,0.8502617801047121,0.8144433299899699,0.8319672131147541,0.9163875242109947,3.837689161300659,outputs\models\no_cv\custom_params\LightGBM.joblib,0.8358358358358359,0.8502617801047121,0.8144433299899699,0.8319672131147541,0.9163875242109947,,,,,,,,,,,,,
no_cv,0,none,paper_params,XGBoost,0.8353353353353353,0.8538135593220338,0.8084252758274825,0.8304997424008244,0.9132011418872001,5.333263874053955,outputs\models\no_cv\paper_params\XGBoost.joblib,0.8353353353353353,0.8538135593220338,0.8084252758274825,0.8304997424008244,0.9132011418872001,,,,,,,,,,,,,
no_cv,0,none,custom_params,XGBoost,0.8338338338338338,0.8571428571428571,0.8004012036108324,0.8278008298755186,0.9114556456582535,7.119534730911255,outputs\models\no_cv\custom_params\XGBoost.joblib,0.8338338338338338,0.8571428571428571,0.8004012036108324,0.8278008298755186,0.9114556456582535,,,,,,,,,,,,,
no_cv,0,none,custom_params,RandomForest,0.8183183183183184,0.8847087378640777,0.7311935807422267,0.800658978583196,0.8982036018144343,2.892503499984741,outputs\models\no_cv\custom_params\RandomForest.joblib,0.8183183183183184,0.8847087378640777,0.7311935807422267,0.800658978583196,0.8982036018144343,,,,,,,,,,,,,
no_cv,0,none,paper_params,RandomForest,0.8123123123123123,0.8658823529411764,0.7382146439317954,0.7969680563075258,0.8966379658455887,1.392793893814087,outputs\models\no_cv\paper_params\RandomForest.joblib,0.8123123123123123,0.8658823529411764,0.7382146439317954,0.7969680563075258,0.8966379658455887,,,,,,,,,,,,,
no_cv,0,none,paper_params,LogisticRegression,0.8008008008008008,0.8196371398078975,0.7703109327983951,0.7942088934850051,0.8797531455505376,6.290771245956421,outputs\models\no_cv\paper_params\LogisticRegression.joblib,0.8008008008008008,0.8196371398078975,0.7703109327983951,0.7942088934850051,0.8797531455505376,,,,,,,,,,,,,
no_cv,0,none,custom_params,LogisticRegression,0.7912912912912913,0.8104925053533191,0.7592778335005015,0.7840497151734852,0.8704334782569485,15.874145030975342,outputs\models\no_cv\custom_params\LogisticRegression.joblib,0.7912912912912913,0.8104925053533191,0.7592778335005015,0.7840497151734852,0.8704334782569485,,,,,,,,,,,,,
no_cv,0,none,paper_params,DecisionTree,0.7652652652652653,0.7629482071713147,0.7683049147442327,0.7656171914042978,0.8210826285048953,1.1652154922485352,outputs\models\no_cv\paper_params\DecisionTree.joblib,0.7652652652652653,0.7629482071713147,0.7683049147442327,0.7656171914042978,0.8210826285048953,,,,,,,,,,,,,
no_cv,0,none,custom_params,DecisionTree,0.7587587587587588,0.7572427572427572,0.7602808425275828,0.7587587587587588,0.75876179988517,3.5653939247131348,outputs\models\no_cv\custom_params\DecisionTree.joblib,0.7587587587587588,0.7572427572427572,0.7602808425275828,0.7587587587587588,0.75876179988517,,,,,,,,,,,,,
no_cv,0,none,paper_params,GaussianNB,0.6466466466466466,0.9030470914127424,0.32698094282848544,0.4801178203240059,0.6790511394322829,0.5022633075714111,outputs\models\no_cv\paper_params\GaussianNB.joblib,0.6466466466466466,0.9030470914127424,0.32698094282848544,0.4801178203240059,0.6790511394322829,,,,,,,,,,,,,
no_cv,0,none,custom_params,GaussianNB,0.6466466466466466,0.9030470914127424,0.32698094282848544,0.4801178203240059,0.6790511394322829,0.550952672958374,outputs\models\no_cv\custom_params\GaussianNB.joblib,0.6466466466466466,0.9030470914127424,0.32698094282848544,0.4801178203240059,0.6790511394322829,,,,,,,,,,,,,
cv,5,none,paper_params,LightGBM,,,,,,26.120065927505493,outputs\models\cv_5\paper_params\LightGBM.joblib,0.8358358358358359,0.8502617801047121,0.8144433299899699,0.8319672131147541,0.9163875242109947,0.8321420874402332,0.8493336521030779,0.8065244667503135,0.827332030647759,0.9157667838351371,,,,0.012162503376080509,0.010773019213939304,0.01708243154340531,0.013191942747637932,0.00858183205518355
cv,5,none,custom_params,LightGBM,,,,,,21.0448956489563,outputs\models\cv_5\custom_params\LightGBM.joblib,0.8358358358358359,0.8502617801047121,0.8144433299899699,0.8319672131147541,0.9163875242109947,0.8321420874402332,0.8493336521030779,0.8065244667503135,0.827332030647759,0.9157667838351371,,,,0.012162503376080509,0.010773019213939304,0.01708243154340531,0.013191942747637932,0.00858183205518355
cv,5,none,paper_params,XGBoost,,,,,,35.41076946258545,outputs\models\cv_5\paper_params\XGBoost.joblib,0.8353353353353353,0.8538135593220338,0.8084252758274825,0.8304997424008244,0.9132011418872001,0.831392324312717,0.8523072755337754,0.8007528230865747,0.8256996726779446,0.913869509881782,,,,0.005755438333132717,0.005395591229964553,0.009601569119050928,0.006476242336579079,0.006352134288057843
cv,5,none,custom_params,XGBoost,,,,,,38.524205446243286,outputs\models\cv_5\custom_params\XGBoost.joblib,0.8338338338338338,0.8571428571428571,0.8004012036108324,0.8278008298755186,0.9114556456582535,0.8307652097996636,0.8464084202287973,0.8072772898368884,0.8262923570237216,0.9131896739019764,,,,0.010438083087351408,0.010331981447461346,0.017141311275220127,0.01153078747729209,0.007111848878863718
cv,5,none,custom_params,RandomForest,,,,,,13.425889730453491,outputs\models\cv_5\custom_params\RandomForest.joblib,0.8183183183183184,0.8847087378640777,0.7311935807422267,0.800658978583196,0.8982036018144343,0.8042292220316096,0.8718139726767797,0.7121706398996237,0.7838903662695946,0.9001230523483036,,,,0.011043802302924692,0.009216305410147617,0.01717800862245907,0.013476124854621192,0.007379348452921546
cv,5,none,paper_params,RandomForest,,,,,,7.131983995437622,outputs\models\cv_5\paper_params\RandomForest.joblib,0.8123123123123123,0.8658823529411764,0.7382146439317954,0.7969680563075258,0.8966379658455887,0.7999735894037866,0.8628802062854882,0.7121706398996237,0.7801504656690209,0.8982733054431646,,,,0.009334771248922446,0.004240174271612206,0.02103418779392309,0.01288004513526732,0.009284600287098647
cv,5,none,paper_params,LogisticRegression,,,,,,29.795031785964966,outputs\models\cv_5\paper_params\LogisticRegression.joblib,0.8008008008008008,0.8196371398078975,0.7703109327983951,0.7942088934850051,0.8797531455505376,0.7964688954493054,0.8165988369900378,0.7636135508155584,0.7891430819986303,0.8778206233738567,,,,0.010887833456067824,0.013203325249989488,0.014075085232000151,0.011303163098104594,0.009510368149723898
cv,5,none,custom_params,LogisticRegression,,,,,,79.1303825378418,outputs\models\cv_5\custom_params\LogisticRegression.joblib,0.7912912912912913,0.8104925053533191,0.7592778335005015,0.7840497151734852,0.8704334782569485,0.7882070026481129,0.8079571449443395,0.7548306148055207,0.7804560958146649,0.8672265322362105,,,,0.0108729847960956,0.011007823314474053,0.014142035436492218,0.0116920957665907,0.010400000548088869
cv,5,none,paper_params,DecisionTree,,,,,,5.713079214096069,outputs\models\cv_5\paper_params\DecisionTree.joblib,0.7652652652652653,0.7629482071713147,0.7683049147442327,0.7656171914042978,0.8210826285048953,0.7656777452717588,0.7580788041226395,0.7789209535759097,0.768220162742988,0.8226911202981844,,,,0.007753266989892874,0.007072052525081068,0.0189023734858384,0.009692057413067112,0.007036435020936421
cv,5,none,custom_params,DecisionTree,,,,,,17.40807843208313,outputs\models\cv_5\custom_params\DecisionTree.joblib,0.7587587587587588,0.7572427572427572,0.7602808425275828,0.7587587587587588,0.75876179988517,0.7431436289726592,0.7419020675279671,0.7440401505646174,0.7429316033107034,0.7431450752823087,,,,0.013716469954712408,0.014775022143906715,0.013858671288817147,0.013304812770639902,0.013713623387387384
cv,5,none,paper_params,GaussianNB,,,,,,2.6528420448303223,outputs\models\cv_5\paper_params\GaussianNB.joblib,0.6466466466466466,0.9030470914127424,0.32698094282848544,0.4801178203240059,0.6790511394322829,0.6461397034332992,0.8930762204797265,0.33023839397741533,0.4818825184767438,0.6734546449936325,,,,0.007745651724426337,0.012939625202896387,0.017229253594752202,0.018393737787386948,0.009068506594466874
cv,5,none,custom_params,GaussianNB,,,,,,2.624758243560791,outputs\models\cv_5\custom_params\GaussianNB.joblib,0.6466466466466466,0.9030470914127424,0.32698094282848544,0.4801178203240059,0.6790511394322829,0.6461397034332992,0.8930762204797265,0.33023839397741533,0.4818825184767438,0.6734546449936325,,,,0.007745651724426337,0.012939625202896387,0.017229253594752202,0.018393737787386948,0.009068506594466874
cv,10,none,paper_params,LightGBM,,,,,,41.15454411506653,outputs\models\cv_10\paper_params\LightGBM.joblib,0.8358358358358359,0.8502617801047121,0.8144433299899699,0.8319672131147541,0.9163875242109947,0.8313927810765964,0.8471482166989066,0.8080137529754033,0.826940250791873,0.9147202612227382,,,,0.009988364573330036,0.01291418074975462,0.019058744815812323,0.011268343097833327,0.00908356160647328
cv,10,none,custom_params,LightGBM,,,,,,38.813836097717285,outputs\models\cv_10\custom_params\LightGBM.joblib,0.8358358358358359,0.8502617801047121,0.8144433299899699,0.8319672131147541,0.9163875242109947,0.8313927810765964,0.8471482166989066,0.8080137529754033,0.826940250791873,0.9147202612227382,,,,0.009988364573330036,0.01291418074975462,0.019058744815812323,0.011268343097833327,0.00908356160647328
cv,10,none,paper_params,XGBoost,,,,,,59.56623983383179,outputs\models\cv_10\paper_params\XGBoost.joblib,0.8353353353353353,0.8538135593220338,0.8084252758274825,0.8304997424008244,0.9132011418872001,0.8312654289039244,0.8513056062662561,0.8019880102265715,0.8257171018575246,0.9147144610530071,,,,0.01292062585334741,0.01421686949526753,0.022772445489015324,0.014711773404065744,0.00931634688473207
cv,10,none,custom_params,XGBoost,,,,,,68.25637197494507,outputs\models\cv_10\custom_params\XGBoost.joblib,0.8338338338338338,0.8571428571428571,0.8004012036108324,0.8278008298755186,0.9114556456582535,0.8366476265758264,0.8566508110218697,0.8080169015503584,0.8314746075193202,0.9139236034130678,,,,0.012720613137490585,0.017144704109662356,0.017541848796956895,0.013348152123809402,0.007439974752574967
cv,10,none,custom_params,RandomForest,,,,,,26.18553900718689,outputs\models\cv_10\custom_params\RandomForest.joblib,0.8183183183183184,0.8847087378640777,0.7311935807422267,0.800658978583196,0.8982036018144343,0.8064810022553255,0.8752749099084539,0.7139091447210992,0.7862414978727971,0.9012323081121801,,,,0.014084522980763112,0.017977937015150672,0.020785307833135307,0.016672859305250507,0.008786106428652879
cv,10,none,paper_params,RandomForest,,,,,,19.689730882644653,outputs\models\cv_10\paper_params\RandomForest.joblib,0.8123123123123123,0.8658823529411764,0.7382146439317954,0.7969680563075258,0.8966379658455887,0.8028525631977314,0.8682928999495851,0.712902230450498,0.7828144428930998,0.8989752249393769,,,,0.011443949000311801,0.010846531181414673,0.020981911683583893,0.014641115503924116,0.010382182562291283
cv,10,none,paper_params,LogisticRegression,,,,,,58.810959577560425,outputs\models\cv_10\paper_params\LogisticRegression.joblib,0.8008008008008008,0.8196371398078975,0.7703109327983951,0.7942088934850051,0.8797531455505376,0.7977216194428498,0.8203102388095331,0.7615917935542373,0.7896310948340415,0.879815906685472,,,,0.014729214734065917,0.0177637714860176,0.023630942880790477,0.016471031429427067,0.012033157861133367
cv,10,none,custom_params,LogisticRegression,,,,,,159.65544414520264,outputs\models\cv_10\custom_params\LogisticRegression.joblib,0.7912912912912913,0.8104925053533191,0.7592778335005015,0.7840497151734852,0.8704334782569485,0.7930894194183832,0.8138109448556834,0.758826715028778,0.7852177374223264,0.8702310556683441,,,,0.017606758730291223,0.017935045218032616,0.024986168439199905,0.019545511695249915,0.01438275110856785
cv,10,none,paper_params,DecisionTree,,,,,,11.349741220474243,outputs\models\cv_10\paper_params\DecisionTree.joblib,0.7652652652652653,0.7629482071713147,0.7683049147442327,0.7656171914042978,0.8210826285048953,0.7640504578091034,0.751706559780781,0.7879516630772913,0.7691970542248552,0.8221671902605484,,,,0.012975212797282533,0.01872512494425894,0.013565238150097235,0.010811484957489943,0.010367839350395472
cv,10,none,custom_params,DecisionTree,,,,,,37.86254811286926,outputs\models\cv_10\custom_params\DecisionTree.joblib,0.7587587587587588,0.7572427572427572,0.7602808425275828,0.7587587587587588,0.75876179988517,0.7402697921273772,0.7430825093646123,0.732725658367023,0.7376775671541793,0.7402418815525889,,,,0.020267789807254855,0.02079396488328421,0.028918740034031727,0.022233910257079357,0.020284647445805364
cv,10,none,paper_params,GaussianNB,,,,,,5.529960870742798,outputs\models\cv_10\paper_params\GaussianNB.joblib,0.6466466466466466,0.9030470914127424,0.32698094282848544,0.4801178203240059,0.6790511394322829,0.6473911625120373,0.8935026178042047,0.33274203095678895,0.4846085482006218,0.6753560755451958,,,,0.01176463323086908,0.02296438163141044,0.020502713500683244,0.023469982102114918,0.014342171903381242
cv,10,none,custom_params,GaussianNB,,,,,,4.1780219078063965,outputs\models\cv_10\custom_params\GaussianNB.joblib,0.6466466466466466,0.9030470914127424,0.32698094282848544,0.4801178203240059,0.6790511394322829,0.6473911625120373,0.8935026178042047,0.33274203095678895,0.4846085482006218,0.6753560755451958,,,,0.01176463323086908,0.02296438163141044,0.020502713500683244,0.023469982102114918,0.014342171903381242
cv,15,none,paper_params,LightGBM,,,,,,57.15494155883789,outputs\models\cv_15\paper_params\LightGBM.joblib,0.8358358358358359,0.8502617801047121,0.8144433299899699,0.8319672131147541,0.9163875242109947,0.8325118612666752,0.8481199351151194,0.8095209722419255,0.8282107232179352,0.917294597445815,,,,0.012469809351443819,0.016964408414626948,0.017482157298204865,0.012893529127419054,0.008208706711864385
cv,15,none,custom_params,LightGBM,,,,,,83.52901601791382,outputs\models\cv_15\custom_params\LightGBM.joblib,0.8358358358358359,0.8502617801047121,0.8144433299899699,0.8319672131147541,0.9163875242109947,0.8325118612666752,0.8481199351151194,0.8095209722419255,0.8282107232179352,0.917294597445815,,,,0.012469809351443819,0.016964408414626948,0.017482157298204865,0.012893529127419054,0.008208706711864385
cv,15,none,paper_params,XGBoost,,,,,,80.4068398475647,outputs\models\cv_15\paper_params\XGBoost.joblib,0.8353353353353353,0.8538135593220338,0.8084252758274825,0.8304997424008244,0.9132011418872001,0.8357676555365902,0.8530719807529065,0.8107797796377737,0.83121571272121,0.9169566770083117,,,,0.012998311235866701,0.018152829342214776,0.017781555812360943,0.013315383257153904,0.010326609401179543
cv,15,none,custom_params,XGBoost,,,,,,121.57774257659912,outputs\models\cv_15\custom_params\XGBoost.joblib,0.8338338338338338,0.8571428571428571,0.8004012036108324,0.8278008298755186,0.9114556456582535,0.8316372544870619,0.8500389096918456,0.804745826831229,0.8265843673243535,0.9145425473413339,,,,0.011594173605593415,0.015231716118866803,0.019454122689116386,0.012492734112067874,0.008772300493031585
cv,15,none,custom_params,RandomForest,,,,,,65.02407932281494,outputs\models\cv_15\custom_params\RandomForest.joblib,0.8183183183183184,0.8847087378640777,0.7311935807422267,0.800658978583196,0.8982036018144343,0.8049746787230742,0.8703823045043618,0.7159039107201967,0.7852221527145926,0.901722258147996,,,,0.011728781948215824,0.012350688946522326,0.028499034284710605,0.016214100206129855,0.008710912437596635
cv,15,none,paper_params,RandomForest,,,,,,19.913042783737183,outputs\models\cv_15\paper_params\RandomForest.joblib,0.8123123123123123,0.8658823529411764,0.7382146439317954,0.7969680563075258,0.8966379658455887,0.8025965476543141,0.8635860002604175,0.7181671159029649,0.7837742431767001,0.8979273593117246,,,,0.01558427105094747,0.021360851964309827,0.028969326455332265,0.018961247606965895,0.010363553694142975
cv,15,none,paper_params,LogisticRegression,,,,,,87.5136456489563,outputs\models\cv_15\paper_params\LogisticRegression.joblib,0.8008008008008008,0.8196371398078975,0.7703109327983951,0.7942088934850051,0.8797531455505376,0.7969647382997833,0.8187505161908487,0.7618546365914786,0.7890349248814695,0.8802070192273246,,,,0.01498968138703474,0.01659752597873853,0.02536291165531755,0.017133550345905673,0.012062484976310992
cv,15,none,custom_params,LogisticRegression,,,,,,232.28603959083557,outputs\models\cv_15\custom_params\LogisticRegression.joblib,0.7912912912912913,0.8104925053533191,0.7592778335005015,0.7840497151734852,0.8704334782569485,0.7932053398035425,0.8131953807654603,0.7603404738260746,0.7856648258110435,0.8707190851278807,,,,0.017665251610119247,0.019906909894244162,0.02551889707575958,0.01926113923697717,0.014488669057947197
cv,15,none,paper_params,DecisionTree,,,,,,16.54758858680725,outputs\models\cv_15\paper_params\DecisionTree.joblib,0.7652652652652653,0.7629482071713147,0.7683049147442327,0.7656171914042978,0.8210826285048953,0.7660492695152517,0.7598945793108807,0.7776582966851088,0.7682214096195538,0.8228134523568464,,,,0.012816359374159014,0.01952821723952996,0.0260050074242397,0.013020697366327104,0.010530856275658388
cv,15,none,custom_params,DecisionTree,,,,,,75.54117035865784,outputs\models\cv_15\custom_params\DecisionTree.joblib,0.7587587587587588,0.7572427572427572,0.7602808425275828,0.7587587587587588,0.75876179988517,0.7393838724390714,0.7411007258235104,0.7342422092968269,0.7373019435869597,0.7393714871589971,,,,0.019460850232459363,0.019078283262465395,0.03393007069745781,0.022358815111870822,0.019470421048203238
cv,15,none,paper_params,GaussianNB,,,,,,5.58585000038147,outputs\models\cv_15\paper_params\GaussianNB.joblib,0.6466466466466466,0.9030470914127424,0.32698094282848544,0.4801178203240059,0.6790511394322829,0.6472656782669619,0.8933362911564671,0.3324972809381946,0.4839404006322781,0.676027423346918,,,,0.017215268787138034,0.030204880508744477,0.030748149916905346,0.034862409676825815,0.020934643959329247
cv,15,none,custom_params,GaussianNB,,,,,,7.309866189956665,outputs\models\cv_15\custom_params\GaussianNB.joblib,0.6466466466466466,0.9030470914127424,0.32698094282848544,0.4801178203240059,0.6790511394322829,0.6472656782669619,0.8933362911564671,0.3324972809381946,0.4839404006322781,0.676027423346918,,,,0.017215268787138034,0.030204880508744477,0.030748149916905346,0.034862409676825815,0.020934643959329247
cv,20,none,paper_params,XGBoost,,,,,,170.91443300247192,outputs\models\cv_20\paper_params\XGBoost.joblib,0.8353353353353353,0.8538135593220338,0.8084252758274825,0.8304997424008244,0.9132011418872001,0.8350093984962406,0.8528993415630808,0.8090075376884422,0.8300822127513332,0.9187432434873373,,,,0.018618300651965142,0.019189068696786767,0.030231124559784207,0.020674256121795135,0.011871399709907028
cv,20,none,custom_params,XGBoost,,,,,,196.24955940246582,outputs\models\cv_20\custom_params\XGBoost.joblib,0.8338338338338338,0.8571428571428571,0.8004012036108324,0.8278008298755186,0.9114556456582535,0.835514411027569,0.8530366446981585,0.8102613065326633,0.830772804925093,0.9163850576889422,,,,0.017212319662651406,0.02000969562202477,0.02820234790693769,0.01881293907278524,0.010397964572830865
cv,20,none,paper_params,LightGBM,,,,,,107.60149145126343,outputs\models\cv_20\paper_params\LightGBM.joblib,0.8358358358358359,0.8502617801047121,0.8144433299899699,0.8319672131147541,0.9163875242109947,0.8306271929824561,0.8491457346903755,0.8037349246231156,0.8254356387329655,0.9160873290894773,,,,0.01954548430133584,0.023073015735604115,0.03131198004967825,0.021402099103138304,0.012653216348286183
cv,20,none,custom_params,LightGBM,,,,,,97.9093885421753,outputs\models\cv_20\custom_params\LightGBM.joblib,0.8358358358358359,0.8502617801047121,0.8144433299899699,0.8319672131147541,0.9163875242109947,0.8306271929824561,0.8491457346903755,0.8037349246231156,0.8254356387329655,0.9160873290894773,,,,0.01954548430133584,0.023073015735604115,0.03131198004967825,0.021402099103138304,0.012653216348286183
cv,20,none,custom_params,RandomForest,,,,,,65.32535338401794,outputs\models\cv_20\custom_params\RandomForest.joblib,0.8183183183183184,0.8847087378640777,0.7311935807422267,0.800658978583196,0.8982036018144343,0.8053496240601504,0.8728693365799195,0.7144057788944724,0.7852896994326868,0.9021065255850147,,,,0.015101165437820264,0.022622123049108038,0.02753767385627572,0.018116739151094356,0.011753428697087134
cv,20,none,paper_params,RandomForest,,,,,,34.346667528152466,outputs\models\cv_20\paper_params\RandomForest.joblib,0.8123123123123123,0.8658823529411764,0.7382146439317954,0.7969680563075258,0.8966379658455887,0.8045989974937344,0.8630256069222779,0.7234346733668341,0.7867669229239516,0.8996536971861797,,,,0.015128668311831558,0.01959950419213328,0.02633568707431842,0.01801028005279966,0.01205319555524174
cv,20,none,paper_params,LogisticRegression,,,,,,134.80817890167236,outputs\models\cv_20\paper_params\LogisticRegression.joblib,0.8008008008008008,0.8196371398078975,0.7703109327983951,0.7942088934850051,0.8797531455505376,0.7984630325814537,0.8201350344846505,0.7635992462311557,0.7905977830394098,0.8809308568964225,,,,0.020436827939646036,0.021228641152110882,0.03070634858832432,0.02273485149888939,0.014347845114603032
cv,20,none,custom_params,LogisticRegression,,,,,,319.26090383529663,outputs\models\cv_20\custom_params\LogisticRegression.joblib,0.7912912912912913,0.8104925053533191,0.7592778335005015,0.7840497151734852,0.8704334782569485,0.794079260651629,0.8146926060272243,0.7600829145728643,0.7861645398031022,0.8713090449761245,,,,0.021920088106673962,0.0208886189389771,0.03396189257787356,0.024792291647888345,0.016650480837603274
cv,20,none,paper_params,DecisionTree,,,,,,22.66346001625061,outputs\models\cv_20\paper_params\DecisionTree.joblib,0.7652652652652653,0.7629482071713147,0.7683049147442327,0.7656171914042978,0.8210826285048953,0.7610360275689223,0.7517003896286687,0.7801620603015076,0.7651449169778004,0.820052680395135,,,,0.019210351513488624,0.026636474370171862,0.025129128493613023,0.016683083795846966,0.014747563387942905
cv,20,none,custom_params,DecisionTree,,,,,,71.61509203910828,outputs\models\cv_20\custom_params\DecisionTree.joblib,0.7587587587587588,0.7572427572427572,0.7602808425275828,0.7587587587587588,0.75876179988517,0.7385112781954886,0.7391268422030108,0.7362713567839196,0.7374244599023372,0.7385125440636016,,,,0.02035158953328778,0.023604746912809147,0.025948478807736403,0.02038915310405497,0.020342417274101625
cv,20,none,paper_params,GaussianNB,,,,,,8.249522686004639,outputs\models\cv_20\paper_params\GaussianNB.joblib,0.6466466466466466,0.9030470914127424,0.32698094282848544,0.4801178203240059,0.6790511394322829,0.6471387844611528,0.8936694906238483,0.3322650753768844,0.48389173900824334,0.6774370970993024,,,,0.015893847758198586,0.03325908175840978,0.026429101456355054,0.030370111693177104,0.01815922134513056
cv,20,none,custom_params,GaussianNB,,,,,,7.599314212799072,outputs\models\cv_20\custom_params\GaussianNB.joblib,0.6466466466466466,0.9030470914127424,0.32698094282848544,0.4801178203240059,0.6790511394322829,0.6471387844611528,0.8936694906238483,0.3322650753768844,0.48389173900824334,0.6774370970993024,,,,0.015893847758198586,0.03325908175840978,0.026429101456355054,0.030370111693177104,0.01815922134513056
search,10,grid,paper_params,XGBoost,,,,,,22425.249502420425,outputs\models\grid_search_cv_10\paper_params\XGBoost.joblib,0.8283283283283284,0.8442105263157895,0.8044132397191575,0.8238315356959425,0.9159255989747465,,,,,,f1,0.8338202793135799,"{""colsample_bytree"": 0.8, ""learning_rate"": 0.1, ""max_depth"": 6, ""n_estimators"": 400, ""subsample"": 1.0}",,,,,
search,10,grid,custom_params,XGBoost,,,,,,18165.355583190918,outputs\models\grid_search_cv_10\custom_params\XGBoost.joblib,0.8283283283283284,0.8442105263157895,0.8044132397191575,0.8238315356959425,0.9159255989747465,,,,,,f1,0.8338202793135799,"{""colsample_bytree"": 0.8, ""learning_rate"": 0.1, ""max_depth"": 6, ""n_estimators"": 400, ""subsample"": 1.0}",,,,,
search,10,grid,paper_params,LightGBM,,,,,,5445.355057477951,outputs\models\grid_search_cv_10\paper_params\LightGBM.joblib,0.8378378378378378,0.858359957401491,0.8084252758274825,0.8326446280991735,0.9134586576913558,,,,,,f1,0.8347609444454422,"{""learning_rate"": 0.1, ""max_depth"": -1, ""n_estimators"": 200, ""num_leaves"": 63}",,,,,
search,10,grid,custom_params,LightGBM,,,,,,4133.9826674461365,outputs\models\grid_search_cv_10\custom_params\LightGBM.joblib,0.8378378378378378,0.858359957401491,0.8084252758274825,0.8326446280991735,0.9134586576913558,,,,,,f1,0.8347609444454422,"{""learning_rate"": 0.1, ""max_depth"": -1, ""n_estimators"": 200, ""num_leaves"": 63}",,,,,
search,10,grid,paper_params,RandomForest,,,,,,2766.806207895279,outputs\models\grid_search_cv_10\paper_params\RandomForest.joblib,0.8178178178178178,0.8781362007168458,0.7372116349047142,0.8015267175572519,0.900557817308068,,,,,,f1,0.7890040315979923,"{""max_depth"": 20, ""min_samples_leaf"": 1, ""min_samples_split"": 2, ""n_estimators"": 400}",,,,,
search,10,grid,custom_params,RandomForest,,,,,,2764.5394954681396,outputs\models\grid_search_cv_10\custom_params\RandomForest.joblib,0.8143143143143143,0.8691037735849056,0.7392176529588766,0.7989159891598916,0.8948644134200804,,,,,,f1,0.7881333298489498,"{""max_depth"": 20, ""min_samples_leaf"": 1, ""min_samples_split"": 5, ""n_estimators"": 100}",,,,,
search,10,grid,custom_params,LogisticRegression,,,,,,955.2577872276306,outputs\models\grid_search_cv_10\custom_params\LogisticRegression.joblib,0.8103103103103103,0.838074398249453,0.7683049147442327,0.8016745159602302,0.8858653883729108,,,,,,f1,0.791975799103593,"{""C"": 0.01, ""penalty"": ""l2"", ""solver"": ""lbfgs""}",,,,,
search,10,grid,paper_params,LogisticRegression,,,,,,862.2790975570679,outputs\models\grid_search_cv_10\paper_params\LogisticRegression.joblib,0.8103103103103103,0.838074398249453,0.7683049147442327,0.8016745159602302,0.8858032639376671,,,,,,f1,0.7915659612140236,"{""C"": 0.01, ""penalty"": ""l2"", ""solver"": ""lbfgs""}",,,,,
search,10,grid,custom_params,DecisionTree,,,,,,1295.6697134971619,outputs\models\grid_search_cv_10\custom_params\DecisionTree.joblib,0.7932932932932933,0.8244444444444444,0.7442326980942828,0.7822878228782287,0.8541408441107539,,,,,,f1,0.7708795709398826,"{""max_depth"": 5, ""min_samples_leaf"": 2, ""min_samples_split"": 10}",,,,,
search,10,grid,paper_params,DecisionTree,,,,,,1186.5646154880524,outputs\models\grid_search_cv_10\paper_params\DecisionTree.joblib,0.7652652652652653,0.7629482071713147,0.7683049147442327,0.7656171914042978,0.8210826285048953,,,,,,f1,0.7691970542248552,"{""max_depth"": 3, ""min_samples_leaf"": 1, ""min_samples_split"": 2}",,,,,
search,10,grid,paper_params,GaussianNB,,,,,,21.257916688919067,outputs\models\grid_search_cv_10\paper_params\GaussianNB.joblib,0.6466466466466466,0.9030470914127424,0.32698094282848544,0.4801178203240059,0.6843813157754982,,,,,,f1,0.49175227557768303,"{""var_smoothing"": 1e-08}",,,,,
search,10,grid,custom_params,GaussianNB,,,,,,21.216415405273438,outputs\models\grid_search_cv_10\custom_params\GaussianNB.joblib,0.6466466466466466,0.9030470914127424,0.32698094282848544,0.4801178203240059,0.6843813157754982,,,,,,f1,0.49175227557768303,"{""var_smoothing"": 1e-08}",,,,,
search,10,randomized,paper_params,LightGBM,,,,,,651.5920293331146,outputs\models\randomized_search_cv_10\paper_params\LightGBM.joblib,0.8403403403403403,0.8614072494669509,0.8104312938816449,0.8351421188630491,0.9196590771314945,,,,,,f1,0.8316773905920478,"{""num_leaves"": 31, ""n_estimators"": 400, ""max_depth"": 10, ""learning_rate"": 0.1}",,,,,
search,10,randomized,custom_params,LightGBM,,,,,,653.5136666297913,outputs\models\randomized_search_cv_10\custom_params\LightGBM.joblib,0.8403403403403403,0.8614072494669509,0.8104312938816449,0.8351421188630491,0.9196590771314945,,,,,,f1,0.8316773905920478,"{""num_leaves"": 31, ""n_estimators"": 400, ""max_depth"": 10, ""learning_rate"": 0.1}",,,,,
search,10,randomized,paper_params,XGBoost,,,,,,1472.102112531662,outputs\models\randomized_search_cv_10\paper_params\XGBoost.joblib,0.8388388388388388,0.8594249201277955,0.8094282848545636,0.8336776859504132,0.9166520540642906,,,,,,f1,0.8283166342215236,"{""subsample"": 1.0, ""n_estimators"": 200, ""max_depth"": 10, ""learning_rate"": 0.05, ""colsample_bytree"": 0.8}",,,,,
search,10,randomized,custom_params,XGBoost,,,,,,1478.162581205368,outputs\models\randomized_search_cv_10\custom_params\XGBoost.joblib,0.8388388388388388,0.8594249201277955,0.8094282848545636,0.8336776859504132,0.9166520540642906,,,,,,f1,0.8283166342215236,"{""subsample"": 1.0, ""n_estimators"": 200, ""max_depth"": 10, ""learning_rate"": 0.05, ""colsample_bytree"": 0.8}",,,,,
search,10,randomized,paper_params,RandomForest,,,,,,274.6452136039734,outputs\models\randomized_search_cv_10\paper_params\RandomForest.joblib,0.8228228228228228,0.8813760379596679,0.7452357071213641,0.8076086956521739,0.9004305624165202,,,,,,f1,0.7874514846262928,"{""n_estimators"": 200, ""min_samples_split"": 2, ""min_samples_leaf"": 1, ""max_depth"": 20}",,,,,
search,10,randomized,custom_params,RandomForest,,,,,,274.3807215690613,outputs\models\randomized_search_cv_10\custom_params\RandomForest.joblib,0.8143143143143143,0.8691037735849056,0.7392176529588766,0.7989159891598916,0.8948644134200804,,,,,,f1,0.7881333298489498,"{""n_estimators"": 100, ""min_samples_split"": 5, ""min_samples_leaf"": 1, ""max_depth"": 20}",,,,,
search,10,randomized,custom_params,LogisticRegression,,,,,,931.5500507354736,outputs\models\randomized_search_cv_10\custom_params\LogisticRegression.joblib,0.8103103103103103,0.838074398249453,0.7683049147442327,0.8016745159602302,0.8858653883729108,,,,,,f1,0.791975799103593,"{""solver"": ""lbfgs"", ""penalty"": ""l2"", ""C"": 0.01}",,,,,
search,10,randomized,paper_params,LogisticRegression,,,,,,955.9304099082947,outputs\models\randomized_search_cv_10\paper_params\LogisticRegression.joblib,0.8103103103103103,0.838074398249453,0.7683049147442327,0.8016745159602302,0.8858032639376671,,,,,,f1,0.7915659612140236,"{""solver"": ""lbfgs"", ""penalty"": ""l2"", ""C"": 0.01}",,,,,
search,10,randomized,custom_params,DecisionTree,,,,,,328.58635115623474,outputs\models\randomized_search_cv_10\custom_params\DecisionTree.joblib,0.7927927927927928,0.8242491657397107,0.7432296890672017,0.7816455696202531,0.8539133885172,,,,,,f1,0.770398265625638,"{""min_samples_split"": 2, ""min_samples_leaf"": 2, ""max_depth"": 5}",,,,,
search,10,randomized,paper_params,DecisionTree,,,,,,314.1418716907501,outputs\models\randomized_search_cv_10\paper_params\DecisionTree.joblib,0.7652652652652653,0.7629482071713147,0.7683049147442327,0.7656171914042978,0.8210826285048953,,,,,,f1,0.7691970542248552,"{""min_samples_split"": 5, ""min_samples_leaf"": 2, ""max_depth"": 3}",,,,,
search,10,randomized,paper_params,GaussianNB,,,,,,20.91973352432251,outputs\models\randomized_search_cv_10\paper_params\GaussianNB.joblib,0.6466466466466466,0.9030470914127424,0.32698094282848544,0.4801178203240059,0.6843813157754982,,,,,,f1,0.49175227557768303,"{""var_smoothing"": 1e-08}",,,,,
search,10,randomized,custom_params,GaussianNB,,,,,,20.93693256378174,outputs\models\randomized_search_cv_10\custom_params\GaussianNB.joblib,0.6466466466466466,0.9030470914127424,0.32698094282848544,0.4801178203240059,0.6843813157754982,,,,,,f1,0.49175227557768303,"{""var_smoothing"": 1e-08}",,,,,
